Title,Database,Year,Month,Journal,Paper Type,Data Source,Data Country,Data Domain,Data Language,Data Availability,Link to Data,Data Details,Size,Number of Prompts,Medical Application,Task Type,Topic,Note,Bias Evaluation Metric,Bias Definition,Conclusions,Race / Ethnic Bias,Language Bias,Age Bias,Gender Bias,Other Bias,LGBTQ+ Bias,Disability Bias,Geography / Cultural Bias,Evaluated LLMs,"Reference Standard 
(Human / Model / System / Physician)","Patient Inclusion
(Yes / No)",Has Debiasing,"Debias - Focus
(Data/Train/Inference)",Debias-details
Toward fair medical advice: Addressing and mitigating bias in large language model-based healthcare applications.,PubMed,2025,October,Artificial intelligence in medicine,"Dataset or Benchmark, Experiment on Existing Models","MedQA, synthetic patient data generated using Synthea, and private data set from the Commonwealth Bank Health Society (CBHS)",NA,"Generated, EHR",English,"Open Source, Closed Source",,"Each data point is either a question and answer pair or a patient record, either a de-indentified record from the real world or a synthetically generated one. The MedQA dataset includes 383,093 questions across its training, development, and test sets. However, only a subset contains patient demographic information. For this study, we used this subset, which consists of 226 patients (119 males and 107 females). Synthea is an open-source tool that generates synthetic healthcare records, and the researchers used it to generate 305 different records. The CBHS dataset comprises de-identified administrative claims data from 123,983 patients, and researchers used a subset of 528 patients.",1059,Unclear,Other (Recommendation),Text Generation,"Researchers developed FairMED, a framework to mitigate bias of healthcare LLMs and improve fairness and impartiality. Researchers analyze sentiment and use of directive language in the model's output. They also fine-tune a model that is already specialized to the medical domain to improve outcomes.","Researchers used like ""SentimentIntensityAnalyzer from the VADER library"", directive language classification. They use statistical parity difference, disparate impact ratio, and kullback–leibler divergence as language-based fairness metrics. As for content-level fairness metrics, they use diagnostic recommendation divergence, action disparity index, referral frequency parity to evaluate textual LLM output. More directive language is seen as positive, as it improves clarity of communication. Across the three datasets used, the trend was that female patients received more positive sentiment while males received more directive language.","Statistical parity difference, disparate impact ratio, kullback leibler divergence, diagnostic recommendation divergence, action disparity index, referral frequency parity","Difference in statistical parity difference, difference in disparate impact ratio, difference in difference in kullback leibler divergence, difference in diagnostic recommendation divergence, difference in action disparity index, difference in referral frequency parity","Female: Yes (more positive sentiment in some datasets and less directive language), Male: Yes (less positive sentiment and more directive language), White: No (minimal disparity), Non White: No (minimal disparity), African American: No (Minimal disparity)","Yes(non white, african american, white)",No,No,"Yes(female,male)",No,No,No,No,"Llama3-Med42-8B, GPT-4o, GPT-4o-mini","System, Model",No,Yes,"Train,Inference","Researchers fine-tune Llama3-Med42-8B model on 400 different question answer pairs using the QLoRA technique. Researchers used different inference approaches, which they refer to as Zero-Shot FairMed (default zero shot methods), FairMed - without (remove sensitive attributes), FairMed - Demographic-Neutral Prompting (generalizes reponses across groups), FairMed - Counterfactual Prompting (considers alternative demographic scenarios), FairMed - Descriptive Prompting with Fairness Criteria (explicitly utilizes fairness principles)"
Through a Glass Darkly: Perceptions of Ethnoracial Identity in Artificial Intelligence Generated Medical Vignettes and Images.,PubMed,2025,February,Medical science educator,Experiment on Existing Models,Originally written prompts by the researchers,United States,Generated,English,Open Source,,"Each data point is a originally written prompt for the LLMs with some blanks that would be filled. For ChatGPT, researchers used a three-step prompting method, and for the Microsoft Bing Image Creator, they used a two-step prompting method. This adds up to 5 different data points. This paper does not use a dataset in the sense of testing an LLM on questions or input collected from a dataset. Instead, researchers wrote a small number of prompts, with a variable in the prompt being what condition or disease the prompt was about.",Unclear,Unclear,Other (Vignette Generation),"Text Generation, Image Generation",Researchers investigate the potential for AI image generators to perpetuate ethnoracial stereotypes in medical cases through prompting and observing demographic information outputed.,"Bias stems from training data and user-dependent prompting. Self-prompting (asking AI to re-use its own output) sometimes intensified stereotypes, but never really accurate to real life percentages.",Proportion of output of historically associated group,Proportion of output of historically associated group,"African American: Yes (LLMs do show association between African Americans and sickle cell anemia), Caucasion: Yes (LLMs do show association between Caucasians and Cystic Fibrosis), Ashkenazi Jews: Yes (LLMs do show association between Tay-Sachs and Ashkenazi Jews), Mediterranean/Middle Eastern: Yes (LLMs do show association between beta-thalassemia and Mediterranean/Middle Eastern people), East Asians: Yes (LLMs do show association between ALDH2 and East Asians)","Yes(African, Mediterranean, Caucasian, Ashkenazi Jewish, and East Asian)",No,No,No,No,No,No,No,"ChatGPT, Microsoft’s Bing A.I. Image Creator","Human,System",No,Yes,Inference,Researchers use self-prompting to see if ChatGPT would generate vignettes of races different from the race historically associated with certain diseases.
Mixed methods assessment of the influence of demographics on medical advice of ChatGPT.,PubMed,2024,April,Jamia,Experiment on Existing Models,WebMD symptom checker,NA,Other (Originally written prompts),English,Open Source,,"Each data point is a prompt for the LLM written with certain medical and demographic information.This paper does not use a dataset in the sense of testing an LLM on questions or input collected from a dataset. Researchers wrote their own template for prompts and they applied that to different demographic combinations. In the end, they had 540 prompts.",504,1620,Diagnosis,Text Generation,Researchers evaluated demographic biases in diagnostic accuracy and health advice between generative artificial intelligence (AI) (ChatGPT GPT-4) and traditional symptom checkers like WebMD.,"A clinician was included to determine whether or not similarly worded output from ChatGPT really matched the WebMD results. ChatGPT matched WebMD in 91% of diagnoses, with a 24% top diagnosis match rate. Diagnostic accuracy was not significantly different across demographic groups, including age, race/ethnicity, and sex.","Deviation score between LLM outputed results and the WebMD results, Deviation score between top LLM outputed results and the top WebMD results, deviation between diagnosis match strength, number of unique diagnoses, Flesch-Kincaid Grade Level of the accompanying text in the output, inclusion of disclaimers in output, assessment of urgency, assessment of severity, inclusion of further engagement, inclusion of demographic tailoring","Statistically significant difference in deviation scores, statistically significant difference in deviation scores for top matches, statistically significant differences in inclusion of disclaimers in output, statistically significant differences in assessment of urgency, statistically significant differences in assessment of severity, statistically significant differences in inclusion of further engagement, statistically significant differences in inclusion of demographic tailoring","Asians: No, Black: No, Whites: No, Hispanic: No, Female: No, Male: No, 75yo: Yes (Patients who were 75 years old were more likely to receive urgent care recommendations and also have demographic tailoring in their output compared to 25 year olds), 25yo: No","Yes(asian,black,hispanic,white)",No,"Yes(25yo,75yo)","Yes(female,male)",No,No,No,No,ChatGPT-4,"System, Physician, Human",No,No,None,None
Assessing the potential of GPT-4 to perpetuate racial and gender biases in health care: a model evaluation study.,PubMed,2024,January,The Lancet Digital Health,Experiment on Existing Models,"NEJM Healer, originally written prompts",NA,"Other (Originally written prompts), Bio-Med",English,Regulated,,"Each data point is a written prompt that is matched with 18 different possible disease diagnoses, which makes 180 different prompt-demographic pairs. Researchers wrote 10 different prompts that request the LLM to output a type of clinical presentation. They ran each of these data points 100 times through ChatGPT-4. Additionally, they also used 19 medical educational cases from NEJM Healer. With some modification of the original data, researchers formatted each data point to include the top 10 most likely diagnoses in descending order, a list of life threatening diagnoses, next steps, and treatment steps.",180,18000,"Diagnosis, Treatment, Education, Other (Vignette Generation)",Text Generation,"Researchers tested whether GPT-4 encodes racial and gender biases and examined the impact of such biases on four potential applications of LLMs in the clinical domain, namely, medical education, diagnostic reasoning, clinical plan generation, and subjective patient assessment.",Researchers used multivariate logistic regression and pairwise Mann-Whitney tests to assess differences in diagnosis rank across demographic groups.,LLM estimations of demographic diversity of medical conditions,"Statistically significant differences in diagnosis rank through pairwise Mann-Whitney tests, Statistical significance effect of race and gender on the presence or absence of specific diagnostic or treatment recommendations using the Wald test.","Black: Yes (Overrepresentation in some diseases and less likely to receive advanced imaging recommendation), Asian: Yes (underrepresented for some diseases), White: Yes (More likely to be exaggerating their pain levels), Hispanic: Yes (LLM estimated that they are more likely to be hiding their alcohol abuse), Female: Yes (Overrepresentation in some diseases), Male: No","Yes(asian,black,hispanic,white)",No,No,"Yes(female,male)",No,No,No,No,ChatGPT-4,System,No,Yes,Inference,"We further assessed whether including the geographic setting or using debiasing strategies would affect GPT-4's estimations of disease prevalence by demographic group... The two prompt debiasing strategies produced variable results,"
Sociodemographic biases in medical decision making by large language models.,PubMed,2025,March,Nature Medicine,Experiment on Existing Models,"500 real cases sampled from the Mount Sinai Health System, as well as 500 synthetically generated cases.",NA,"EHR, Generated",English,"Regulated, Open Source",,Each data point is an emergency department case and a structured clinical vignette.,1000,1728000,"Triaging, Treatment, Other (Mental Health Assessment)",Text Generation,Compare LLM model outputs by demographic information with real data and with control group.,"across nine LLMs and 32 sociodemographic groups, shows that LLM-generated clinical recommendations often vary with case demographics rather than with clinical factors alone... We compared model outputs to a physician-derived reference and to the model’s own control (no sociodemographic descriptor) to detect possible variations in recommendations... assessed which sociodemographic case groups had the highest invasiveness scores compared to the control group. The ground truth was established as board certified physicians independently answered questions given the vignettes.","Invasiveness Score, Percentage of recommending mental health assessments",Statistically significant differences in the aforementioned metrics in comparison to the control group and physician response,"Asian: Yes, Arab: Yes, Multiracial: Yes, Native American or Indigenous: Yes, Black: Yes, White: Yes, Hispanic: Yes, Middle Eastern: Yes, Unhoused: Yes, retired: No, student: No, unemployed: No, bisexual: Yes, gay/lesbian: Yes, heterosexual: Yes, transgender: Yes","Yes(Asian, Arab, Multiracial, Native American or Indigenous, Black, White, Hispanic, Middle Eastern)",No,No,"Yes(man,non binary,woman)","Yes(housed,retired,student,unemployed,unhoused)","Yes(bisexual,gay/lesbian,heterosexual,transgender)",No,No,"Phi-3.5-mini-instruct,Phi-3-medium-128k-instruct,Llama-3.1-8B,Llama-3.1-70B,Gemma-2-9B-it,Gemma-2-27B,Qwen2-7B,Qwen2-72B,GPT-4o","Physician, System",No,No,None,None
"Racial, ethnic, and sex bias in large language model opioid recommendations for pain management.",PubMed,2025,March,Pain,Experiment on Existing Models,MIMIC-IV Note,United States,EHR,English,Regulated,,Each data point is a real and deidentified clinical case.,480,Unclear,"Other (Pain rating), Treatment","Text Generation, Regression","This exploratory investigation uses real, deidentified clinical cases to investigate how GPT-4 and Gemini ratings of pain severity and recommendations for treatment with opioid medication vary based on patient race, ethnicity, and sex.",No significant differences in opioid recommendations were found across patient racial/ethnic group or sex... these results point towards a potential of incorporating LLMs into pain management. They did find differences in opiod recommendations between different LLM models though.,"Subjective pain rating from 1-10, name of suggested medications and whether they are weak or strong, order of suggested medications, and dosage of suggested medications",Statistically significant differences in the aforementioned metrics,"American Indian or Alaska Native: No, Asian: No, Black: No, Hispanic or Latino: No, Native Hawaiian or Other Pacific Islander: No, White: No, Male: No, Female: No","Yes (American Indian or Alaska Native, Asian, Black, Hispanic or Latino, Native Hawaiian or Other Pacific Islander, White)",No,No,"Yes(man,women)",No,No,No,No,"GPT-4,Gemini",System,No,No,None,None
Evaluating anti-LGBTQIA+ medical bias in large language models.,PubMed,2025,August,PLOS Digital Health,Experiment on Existing Models,Researchers consulted medical experts in LGBTQIA+ health and created prompts consisting of explicit questions and synthetic clinical notes.,NA,Bio-med,English,Regulated,,Each data point is either an explicit question or a clinical scenario that can illuminate anti-LGBTQIA+ bias.The data was written by medical students and clinicians specialized in LGBTQIA+ health.,38,152,Question answering,Text Generation,Researchers prompted LLMs and graded outputs with a primary reviewer based on criteria outlined in conjunction with LGBTQIA+ health experts. They asked questions where historical bias has and has not been observed and also considered instances where one's LGBTQIA identity should affect medical output.,"Any level of propagation of bias (e.g., racial, socioeconomic, gender-related), defined as inaccurate and/or stereotyped statements, with a focus on anti-LGBTQIA+ bias. This was marked inappropriate if there were explicit statements (e.g., phalloplasty will affect eGFR) or if it could be inferred implicitly from the response, especially in comparison to the response for the paired prompt that does not mention a LGBTQIA+ identity.","Clinical utility score on a 5-point Likert scale, reviewer evaluation of safety, reviewer evaluation of privacy, reviewer evaluation of hallucination/accuracy, reviewer evaluation of inappropriate bias especially anti-LGBTQIA+ bias, refusal to respond to the question,","Differences in inappropriate responses,",LGBTQ+: Yes (Found inappropriate response.),No,No,No,No,No,Yes(transgender),No,No,"Gemini 1.5 Flash, Claude 3 Haiku, GPT-4o, Stanford Medicine Secure GPT",Physician,No,No,None,None
A toolbox for surfacing health equity harms and biases in large language models.,PubMed,2024,September,Nature Medicine,Experiment on Existing Models,"Researchers used non-adversarial HealthSearchQA and MultiMedQA datasets from another study. They use 9 questions from the study ""Large language models propagate race-based medicine"". They also use datasets called MultiMedQA and Open-ended Medical Adversarial Queries.",NA,Bio-med,English,Open Source,,"Each data point is an adversarial question intended to enable evaluation of biases. Researchers created a new dataset called EquityMedQA that itself consists of 7 datasets. Note that each different dataset studies different types of demographic bias, although the different groups studied is not specified.","4,619",Unclear,Question answering,Text Generation,"Evaluating LLM model bias using six definitional dimensions of bias: covering inaccuracy across axes of identity, lack of inclusion, stereotypical language or characterization, omission of structural explanations for inequity, failure to challenge a biased premise and potential for disproportionate withholding of opportunities or resources","We used the three assessment rubrics described previously (independent, pairwise and counterfactual) on answers to questions from each of the datasets.","Evaluated bias presence, evaluaton of inaccurate for axes of identity, evaluation if LLMs are not inclusive for axes of identity, evaluation of stereotypical characterization, evaluation of if LLMs omits structural explanation, evaluation of if LLM allows bias premise, evaluation of potential for withholding",Differences in the aforementioned metrics,"Black: Yes (Black participants were more likely to report bias than white participants), White: No",Yes,No,Yes,Yes,Yes,Yes,Yes,No,"Med-PaLM2,Med-PaLM","Physician, System",No,No,None,None
Large language model comparisons between English and Chinese query performance for cardiovascular prevention.,PubMed,2025,May,Communications Medicine,Experiment on Existing Models,Written by cardiologists recruited for this study.,NA,Generated,"Chinese,English",Regulated,,"Each data point is a single cardiovascular disease prevention question posed to one LLM chatbot. Researchers generated 300 guideline-based questions across domains like hypertension, dyslipidemia, diabetes, and lifestyle counseling, then randomly sampled 75 of these to use in the study. Each of the 75 questions was posed once to each chatbot, yielding 75 responses per model. Each response was then independently evaluated by three cardiologists and graded as ""appropriate,"" ""borderline,"" or ""inappropriate,"" with a majority consensus determining the final rating. For suboptimal responses, two additional evaluations were conducted: a temporal improvement check two months later using an updated model iteration, and a self-checking prompt asking the chatbot to verify its own answer.",600,225,Question answering,Text Generation,Researchers evaluated the ability of English and Chinese LLMs to answer questions related to cardiovascular disease prevention.,"Physician graded responses as “appropriate”, “borderline” or “inappropriate”, they also measured word count of responses. The questions covered topics like biomarker, medication information, dyslipidemia, hypertension, diet counseling, diabetes mellitus and/or chronic kidney disease, secondary prevention, prevention strategy, inflammation, exercise counseling, obesity, and tobacco treatment.",Rate of appropriate responses in question answering.,Statistically significant differences in accuracy,Chinese: Yes (LLMs generally performed worse using the rate of appropriate responses metric. English: No.,No,"Yes(Chinese,English)",No,No,No,No,No,No,"Bard,ChatGPT-3.5,ChatGPT-4.0,ERNIE",Physician,No,No,None,None
ChatGPT's ability to comprehend and answer cirrhosis related questions in Arabic.,PubMed,2023,August,Arab Journal of Gastroenterology,Experiment on Existing Models,91 questions in Arabic and English,NA,Other (questions from Facebook),"Arabic,English",Couldn't find,,"Each data point is a different question. ""Questions were also collected from Facebook support groups created for patients with cirrhosis.""",91,Unclear,Question answering,Classification,ChatGPTs responses to 91 questions in Arabic and English were graded by a transplant hepatologist fluent in both languages.,"Accuracy of responses was assessed using the scale: 1. Comprehensive, 2. Correct but inadequate, 3. Mixed with correct and incorrect/outdated data, and 4. Completely incorrect. Accuracy of Arabic compared to English responses was assessed using the scale: 1. Arabic response is more accurate, 2. Similar accuracy, 3. Arabic response is less accurate",Accuracy,Differences in accuracy,,No,"Yes(Arabic,English)",No,No,No,No,No,No,ChatGPT,Physician,No,No,None,None
Gender Bias in AI's Perception of Cardiovascular Risk.,PubMed,2024,October,JMIR,Experiment on Existing Models,Generated Data,NA,Generated,English,Regulated,,"Each data point is a hypothetical clinical scenario pairing a patient’s gender with a specific chest pain type (typical, atypical, or nonanginal) using identical symptom descriptions.",30,30,Other (Risk Assessment),Other (Ranking),Researchers measured the effect of gender description in prompts on evaluation of risk given cardiovascular symptoms.,"Researchers generated hypothetical clinical scenarios and inputted them to ChatGPT-4. There were two descriptions, and the only difference was that the patient was either a man or woman, but the symptoms where the same: identical chest pain types (typical, atypical, and nonanginal) using the same descriptions. They asked the model to select which patient was at higher risk. Potential interpretations of the study include mental health stigma and undervaluing the symptom reporting of women. However, the statistical power of the experiments are not strong.",Rankings between men and women for risk of obstructive coronary artery disease,Proportions of who is ranked higher for risk of obstructive coronary artery disease,"Female: No, Male: No",No,No,No,"Yes(female,male)",No,No,No,No,ChatGPT-4,System,No,No,None,None
"Gender and Ethnicity Bias of Text-to-Image Generative Artificial Intelligence in Medical Imaging, Part 1: Preliminary Evaluation.",PubMed,2024,December,Journal of Nuclear Medicine Technology,Experiment on Existing Models,Originally Written,NA,Other (Originally written prompts),English,Couldn't find,,"Each data point is a text prompt used to generate images of medical professionals in specific subfields with LLMs, with the resulting images analyzed for demographic representation such as gender and race.",391,"391,184 individual images and 263 group images",Other (Representation of Medical Professionals),Image Generation,"Use image generation models to generate a series of individual and group images of medical imaging professionals, and analyze their race and gender characteristics.","Multiple iterations of images were generated using a variety of prompts. Collectively, 184 images were produced for evaluation of 391 characters. All images were independently analyzed by 3 reviewers for apparent gender and skin tone.","Massey–Martin NIS Skin Color Scale, apparent gender labeled by human reviewers,",Statistically significant differences in representation of gender and skin tone,"Male: No, Female: Yes, Light Skin Tone: No, Mid Skin Tone: Yes, Dark Skin Tone: Yes",No,No,No,"Yes(female,male)","Yes (light skin tone, mid skin tone, dark skin tone)",No,No,No,"DALL-E 3, Firefly 2, Stable Diffusion 2.1, and Midjourney 5.2",Human,No,No,None,None
Bias and Inaccuracy in AI Chatbot Ophthalmologist Recommendations.,PubMed,2023,September,Cureus,Experiment on Existing Models,Generated Data,United States,Generated,English,Open Source,,"Each Chatbot was asked the following prompt, ""Find me four good ophthalmologists in (city)"". This was asked for the 20 most populus cities in the US at the time of the study. Each data point is defined as a different prompt given to a single chatbot.",20,60,Other (Physician Recommendation),"Text Generation, Other (Search)",Researchers evaluated gender bias in ophthalmologist recommendations from well known chatbots.,"The LLMs struggled to recommend ophthalmologists reliably and accurately, with most recommendations being physicians in specialties other than ophthalmology, deceased, or not in or near the desired city. There was also a bias towards academic medicine. Researchers observed a statistically significant difference between the proportion of recommended female ophthalmologists and the national proportion of practicing female ophthalmologists, in that female ophthalmologists were underrepresented in the chatbot recommendations.",Proportion of recommended ophthalmologists of each gender,Statistically significant differences in proportions of recommended ophthalmologists of each gender,"Female: Yes (Multiple LLMs recommended Female ophthalmologists significantly less than the national proportion of practicing female ophthalmologists), Male: No",No,No,No,"Yes(female,male)",No,No,No,No,"ChatGPT-3.5,Bing-Chat,Google-Bard",System,No,No,None,None
Assessing Biases in Medical Decisions via Clinician and AI Chatbot Responses to Patient Vignettes.,PubMed,2023,October,JAMA Network Open,Experiment on Existing Models,"The data is pulled from 8 other existing papers.
1. Green AR, Carney DR, Pallin DJ, et al. Implicit Bias among Physicians and its Prediction of Thrombolysis Decisions for Black and White
Patients. J Gen Intern Med. 2007;22(9):1231. doi:10.1007/S11606-007-0258-5
2. Breathett K, Yee E, Pool N, et al. Association of Gender and Race With Allocation of Advanced Heart Failure Therapies + Editorial +
Supplemental content. JAMA Netw Open. 2020;3(7):2011044. doi:10.1001/jamanetworkopen.2020.11044
3. Daugherty SL, Blair I V., Havranek EP, et al. Implicit gender bias and the use of cardiovascular tests among cardiologists. J Am Heart Assoc.
2017;6(12). doi:10.1161/JAHA.117.006872
4. Lutfey KE, Link CL, Marceau LD, et al. Diagnostic certainty as a source of medical practice variation in coronary heart disease: Results from
a cross-national experiment of clinical decision making. Med Decis Making. 2009;29(5):606. doi:10.1177/0272989X09331811
5. Centola D, Guilbeault D, Sarkar U, Khoong E, Zhang J. The reduction of race and gender bias in clinical treatment recommendations using
clinician peer networks in an experimental setting. Nat Commun 2021 121. 2021;12(1):1-10. doi:10.1038/s41467-021-26905-5
6. Haider AH, Sexton J, Sriram N, et al. Association of unconscious race and social class bias with vignette-based clinical assessments by
medical students. JAMA. 2011;306(9):942-951. doi:10.1001/JAMA.2011.1248
7. Simard JF, Chaichian Y, Rizk N, Rector A, Feldman CH, Falasinnu TO. ARE WE MISSING LUPUS IN MALES? EVIDENCE OF COGNITIVE
BIAS FROM A RANDOMIZED EXPERIMENT IN THE UNITED STATES. Am J Epidemiol. 2022;191(1):230. doi:10.1093/AJE/KWAB199
8. Zadu A, van Egmond S, de Vere Hunt I, Petion E, Cai Z, Yeung H, Simard J, Linos E. Prescribing Patterns for Acne in
 Transgender Compared to Cisgender Patients. Poster presented at American Academy of Dermatology 2023 Annual Meeting.
 March 17th, 2023; New Orleans, LA, USA.",NA,Bio-med,English,Regulated,,"Each data point is a clinical vignette selected from existing literature across medical disciplines such as cardiology, emergency medicine, rheumatology, and dermatology.",19,38,"Diagnosis, Treatment, Other (Risk Assessment)",Classification,Researchers evaluated the bias of LLM responses across many different demographic factors in different medical subfields.,"Different LLM prompts had different outputs, with some on the Likert scale and others being yes or no. Regardless, researchers examined the output and looked for differences in responses.","Likelihood of disease, diagonsis rates, treatment recommendations","Statstically significant differences in estimation of likelihood of disease, diagonsis rates, treatment recommendations",,"Yes(black,hispanic,white)",No,No,"Yes(female,male)",Yes,"Yes(transgender_man,transgender_woman)",No,No,"ChatGPT-4,Bard",Physician,No,No,None,None
AI-driven translations for kidney transplant equity in Hispanic populations.,PubMed,2024,April,Nature,Experiment on Existing Models,"Frequently asked questions from Organ Procurement and Transplantation Network (OPTN), National Health Service (NHS), and National Kidney Foundation (NKF).",NA,Bio-med,English,Open Source,,"Each data point is a frequently asked question about kidney transplantation collected from public health sources such as OPTN, NHS, and the National Kidney Foundation.",54,Unclear,Other (Translation),Other (Translation),Researchers assess the accuracy of frequently asked questions on kidney health both in linguistic accuracy and cultural sensitivity.,"The models' translations where assessed by Mexican native Spanish speaking nephrologists using a rubric with values from 1 to 5. The translates were assessed on linguistic accuracy, which includes ""grammatical correctness, appropriate use of vocabulary, and syntactic integrity of the translations, clarity, readability, and technical precision in medical terminology"". It was also assessed on cultural sensitivity, which includes ""the extent to which translations respected and incorporated cultural nuances, idiomatic expressions, and contextually relevant information for the Hispanic community.""","Linguistic accuracy on a Likert scale, cultural sensitivity on a Likert scale","Statistically significant differences in linguistic accuracy on a Likert scale, statistically significant differences in cultural sensitivity on a Likert scale",Spanish: No,No,Yes(spanish),No,No,No,No,No,No,"ChatGPT-3.5,ChatGPT-4.0",Physician,No,No,None,None
Physician clinical decision modification and bias assessment in a randomized controlled trial of AI assistance.,PubMed,2025,March,Nature,Experiment on Existing Models,"There are 2 videos of a standard patient actor depicting a case of chest pain in an outpatient setting, with the actor being either a white male or a black female. 50 physicians are invited to view these videos.",NA,Bio-med,None,Open Source,,"Each data point is a physician or resident physicians with training in a general medical specialty (internal medicine, family medicine, or emergency medicine) viewing one of two videos.",50,Unclear,"Other (Clinician Assistance, Risk Assessment), Triage, Treatment",Text Generation,Researchers studied how AI assistance affect physician accuracy or bias.,"Summary from the paper: ""We investigated how doctors respond to AI suggestions when evaluating chest pain, a common but serious medical concern. We showed 50 doctors a video of either a white male or Black female patient describing chest pain symptoms, and asked them to make medical decisions. The doctors then received suggestions from an AI system and could change their decisions. We found that doctors were willing to consider the AI’s suggestions and made more accurate medical decisions after receiving this help. This improvement in decision-making happened equally for all patients, regardless of their race or gender, suggesting AI tools could help improve medical care without increasing bias.""",Accuracy of questions,Statistically significant differences in accuracy of questions,"Black: No, White: Yes (Researchers found that participants were more accurate when viewing the Black female video vs. the white male video (p < 0.01) (Supplementary Table 6). The reason for the differing results is unclear but could perhaps be attributed to the Hawthorne effect),","Yes(black,white)",No,No,"Yes(female,male)",No,No,No,No,ChatGPT-4,system,No,No,None,None
Ensuring Accuracy and Equity in Vaccination Information From ChatGPT and CDC: Mixed-Methods Cross-Language Evaluation.,PubMed,2024,October,JMIR,Experiment on Existing Models,CDC website in both English and Spanish,United States,Bio-Med,"English,Spanish",Outdated,,"Each datapoint is a frequently asked vaccination-related question on the CDC website, either in English or Spanish. There are 16 questions in each language.",32,128,Information Dissemination,Text Generation,"Researchers measured accuracy, understandability, and readability of ChatGPT's responses to frequently asked vaccination-related questions on the CDC website","There were human readers who assessed the misinformation levels and readability, but also objective system-based metrics for readability, like the Flesch-Kincaid grade level score.","Sentence count, syllable count, understandability, grade level, Flesch-Kincaid readability scores for English and Flesch-Huerta index for Spanish",Differences in the aforementioned metrics,"English: No, Spanish: No",No,"Yes(English,Spanish)",No,No,No,No,No,No,ChatGPT,"Human,System",Yes,No,None,None
Exploring Biases of Large Language Models in the Field of Mental Health: Comparative Questionnaire Study of the Effect of Gender and Sexual Orientation in Anorexia Nervosa and Bulimia Nervosa Case Vignettes.,PubMed,2025,March,JMIR Mental Health,Experiment on Existing Models,12 different scientific papers from PubMed and Google Scholar.,NA,Bio-Med,English,Open Source,,"Each data point is a clinical vignette describing a patient with anorexia nervosa or bulimia nervosa, with variations in gender and sexual orientation used as prompts for LLM evaluation.",120,720,Other (evaluating the severity of symptoms),Regression,Researchers prompted ChatGPT-4 and MentaLLaMAto score measures of mental health-related quality of life given prompts with different gender and sexual orientations.,"ChatGPT-4 showed a gender bias. It rated men as having poorer mental quality of life than equivalent women with the same symptoms. No bias was found for sexual orientation. There are two metrics, like the SF-36 metric that assesses HRQoL and consists of subscales like physical functioning, bodily pain, etc. Also, the eating disorder examination questionnaire (EDE-Q) assesses ED symptomatology, including subscales like dietary restraint and weight concern.",Regression analysis,Statistically significant features in regression analysis,"Female: No, Male: Yes, Heterosexual: No, Homosexual: No",No,No,No,"Yes(female,male)",No,"Yes(heterosexual,homosexual)",No,No,"ChatGPT-4,MentaLLaMA",System,No,No,None,None
Evaluating for Evidence of Sociodemographic Bias in Conversational AI for Mental Health Support.,PubMed,2025,January,"Cyberpsychology, Behavior, and Social Networking",Experiment on Existing Models,Generated Prompts,NA,Generated,English,NA,,"Each data point is a conversation scenario defined by a specific demographic combination, used to prompt ChatGPT-3.5 to simulate a patient complaint and interaction with a conversational agent.",97,444,Other (physician–patient conversations simulation),Text Generation,"In this study, we present an approach to investigate the presence of bias within an LLM designed for mental health support.","We simulated physician–patient conversations by using a communication loop between an LLM-based conversational agent and digital standardized patients (DSPs) that engaged the agent in dialogue while remaining agnostic to sociodemographic characteristics. The metric for bias is LIWC, a text analysis software that quantifies psychological and linguistic components in text.","Linguistic Inquiry and Word Count (LIWC-22) tool, mean positive tone, mean negative tone",Statistically significant features in multivariable linear regression for linguistic inquiry and word count (LIWC-22) tool.,"Hispanic: No,non hispanic black: No, Non hispanic white: No, Age 40: No, Age 80: No, female: No, male: No, Transgender Female: No, Transgender Male: No, 25000 salary: No, 50000 salary: No, 500,000 salary: No, 1000000 salary: No","Yes (hispanic,non hispanic black,non hispanic white)",No,"Yes(40yo,80yo)","Yes(female,male,transgender_female,transgender_male)","Yes(25000_salary,50000_salary,500,000_salary,1000000_salary)",No,No,No,LLM-based program previously developed and tested at Cedars-Sinai Medical Center,System,No,No,None,None
Fairness in AI-Driven Oncology: Investigating Racial and Gender Biases in Large Language Models.,PubMed,2024,September,Cureus,Experiment on Existing Models,Generated Prompts,None,Generated,English,Open Source,,"Each data point is a prompt describing a healthcare professional in oncology with specific racial and gender demographics, used to evaluate LLM responses about professional roles and recommendations.",4,Prompted 10 times for each demographic,Other (oncologist recommendations),Text Generation,Researchers prompted LLMs with questions related to the roles of oncology professionals based on demographic data.,"They compared the outputs of the LLMs to actual healthcare statistics on the demographics of healthcare professionals as well as patient demographics for certain diseases, for the other questions related to certain diseases.",Proportion of recommended ophthalmologists of each identity,Statistically significant difference in proportion of recommended ophthalmologists from national statistics,"Black: Yes (less representation in recommendations), Hispanic: Yes, Native American: Yes, White: Yes, Asian: Yes (less likely to be a part of advocacy and community outreach), Female: Yes, Male: Yes","Yes(asian,black,hispanic,native american,white)",No,No,"Yes (female, male)",No,No,No,No,"ChatGPT,Gemini,BingChat",System,No,No,None,None
Mitigating the risk of health inequity exacerbated by large language models.,PubMed,2025,May,npj Digital Medicine,Experimental on Existing Models,"They used five datasets. SIGIR 2016 (Proceedings of the 39th International ACM SIGIR conference on Research and Development in Information Retrieval), TREC 2011, and TREC 2022 (Clinical Trial datasets), while the medical question answering, or MQA, datasets are MedQA8 and MedMCQA",None,Bio-med,English,"Open Source, Regulated",,Each data point is a patient clinical note or medical query augmented with non-decisive socio-demographic factors,,Unclear,"Knowledge QA, Other (Clinical trial matching)",Text Generation,"Researchers examined how including socio-demographic factors leads LLMs to biased/mistaken outputs, and proposes mitigation.",Used metric called Normalized Discounted Cumulative Gain at rank 10. This evaluated performance on tasks related to clinical trial matching and medical question answering.,"Normalized Discounted Cumulative Gain, equal opportunity (EO) and demographic parity (DP)","Differences in aforementioned metrics, researchers evaluated whether certain race, sex and SDOH factors were correlated with similar biased outcomes","Black: No, Native American: Yes, Middle Eastern: Yes, Pacific Islander: Yes, Homelessness: Yes, unemployment: Yes, Low income: Yes
asian: No, hispanic: No, LGBTQ+: No, Female: No, Male: No","Yes(african american,asian,black,east asian,hispanic,indigenous,middle eastern,native american,mixed race,pacfic islander,south asian,white)",No,No,"Yes(female, male)","Yes(homeless,unemployed,low_income)",Yes(LGBT+),No,No,"GPT-4,GPT-4o-mini, Gemini-1.5-Flash, Claude-3-5-sonnet-20240620",System,No,No,None,None
Invisible Bias in GPT-4o-mini: Detecting Disparities in AI-Generated Patient Messaging.,PubMed,2025,NA,Journal of Medical Systems,Experiment on Existing Models,Generated,None,Generated,English,Couldn't Find,,Data generated by ChatGPT-4o-mini,Unclear,10000,Education,Text Generation,"Researchers used an LLM to score LLM-generated patient conversations on empathy, encouragement, accuracy, clarity, professionalism, and respect.","The study also studies demographic divisions along the lines of housing status, including categories like homeless, living alone, living with family, living in a care facility, or living in a shelter. It also studied religious demographics, as well as different marital statuses.","Empathy score, encouragement score, accuracy score, clarity score, professionalism score, respect score",Statistically significant differences in the aforementioned metrics,"Female: Yes (More empathy and encouragement), black: No, east asian: No,hispanic or latino: No,middle eastern: No,south asian: No,white: No, homeless: no,","Yes(black,east asian,hispanic or latino,middle eastern,other,south asian,white)",No,Yes(35yo-75yo),"Yes(female,male)","Housing (homeless, ‘Living home alone’, ‘Living at home with family’, ‘Care Facility’, ‘Shelter’, and ‘Other’), Religious (‘Christian’, ‘Catholic’, ‘Jewish’, ‘Islamic’, ‘Buddhist’, ‘Hindu’, ‘None or No Preference’, and ‘Other’), Marital Status (‘Married’, ‘Single’, ‘Separated’, ‘Divorced’, and
‘Other’)",No,No,No,ChatGPT-4o-mini,Model,No,No,None,None
Benchmarking bias in embeddings of healthcare AI models: using SD-WEAT for detection and measurement across sensitive populations.,PubMed,2025,July,BMC Medical Informatics and Decision Making,"Experiment on Existing Models, Benchmark / Dataset",Other studies,None,Bio-med,English,"Unclear, will need help",None,"Referred to in the study as G-1,G-2,G-3,G-4",Unclear,Unclear,Other (Bias Evaluation),Other (Output vector embeddings),Researchers studied ways to measure bias in LLMs using word embeddings methods.,"They examined hereditary conditions on small populations known to have certain diseases, namely Finnish and Ashkenazi Jewish.",SD-WEAT bias scores,bias is measured between these pairs of target and attribute sets with the default WEAT effect size and P value formula,"Black: No, Hispanic: No, White: No, Female: No, Male: No","Yes(black,hispanic,white)",No,No,"Yes(female,male)",No,No,No,No,"GloVe,BERT,LegalBERT,BioBERT,GPT-2,BioGPT",System,No,No,None,None
Assessing Racial and Ethnic Bias in Text Generation by Large Language Models for Health Care-Related Tasks: Cross-Sectional Study.,PubMed,2025,March,JMIR,Experiment on Existing Models,Used structured hospital encounter metadata in a table format from 100 randomly selected fully deidentified encounters for patients with HIV.,None,Bio-med,English,Regulated,,"Each data point is includes the patient’s demographics, primary encounter diagnosis, and HIV disease control status at the time of the encounters.",100,1600,Other (Discharge Instructions),Text Generation,"Researchers prompted LLMs to write discharge instructions for patients with HIV and analyzed the responses for sentiment, subjectivity, reading ease, and word frequency by race/ethnicity given in the prompt.",,"Polarity scores, subjectivity scores, readability scores, readability grade levels, and text length","Researchers used the Shapiro-Wilk test to check the data in each group for normality and used accordingly 1-way ANOVA or Kruskal-Wallis test to test for differences among groups. For categorical variables like NER counts and word frequency distributions, researchers used chi-square tests to compare observed frequencies across different races/ethnicities. When the omnibus chi-square test was significant, researchers performed post hoc pairwise chi-square comparisons with Bonferroni correction to identify specific group differences.","African American: No, hispanic: No, White: No, Asian: No","Yes(african american,asian,hispanic white,non hispanic white",No,No,No,No,No,No,No,"ChatGPT-3.5-turbo,ChatGPT-4,Gemini-1.0-pro,Llama3-70b",System,No,No,None,None
Potential to perpetuate social biases in health care by Chinese large language models: a model evaluation study.,PubMed,2025,July,International Journal for Equity in Health,Experiment on Existing Models,"Used 19 clinical cases proposed by the New England Journal of
Medicine (NEJM) Healer, which helped create 32 prompts for each
clinical vignette, representing varied combinations of the
patient sociodemographic characteristics. Also used 8 clinical vignettes 
developed by another researcher for patients' needs assessment. 
They made 32 prompts from that too. They also generated some 
synthetic data from the LMs for 3 select diseases.",None,"Bio-med, Generated",English,"Unclear, will need help",,Each datapoint is a clinical vignette from NEJM healer.,27,98400,"Diagnosis, Treatment, Other (Clinical Case generation, assess patient needs)",Text Generation,"Researchers tested how much Chinese LLMs perpetuated bias in patient need assessment, differential diagnosis and treatment planning.","Researchers tested 3 different applications: clinical cases for medical education, differential diagnosis and treatment, and patient needs assessment.","Average ranking of the top expert-preferred primary diagnosis, The percentage of inclusion of the top expert-preferred primary diagnosis, The average ranking of each expert-preferred diagnosis",Differences in the aforementioned metrics between identity groups leading to overrepresentation or underrepresentation,"Minority: Yes, Han: Yes, Female: Yes, Male: Yes,  No Insurance: Yes, Have Insurance: Yes, Low Education: Yes, High Education: No, Low Income: Yes, High Income: Yes",Yes(han/minority),No,No,"Yes(female,male)","Yes (low_education,high_education,low_income,high_income,no_health_insurance,have_health_insurance)",No,No,No,"Qwen-turbo,Erine-lite-8k,Baichuan2-turbo",System,No,No,None,None
Evaluating the Performance and Bias of Natural Language Processing Tools in Labeling Chest Radiograph Reports.,PubMed,2024,October,Radiology,Experiment on Existing Models,"This study uses chest radiograph (CXR) report from an Indiana University dataset and chest radiograph reports from the Medical Information Mart for Intensive Care, or MIMIC. 
(MIMIC) dataset.",USA,Bio-Med,English,Regulated,"https://www.kaggle.com/datasets/raddar/chest-xrays-indiana-university,","Each data point is a chest radiograph, with 3665 from the Indiana University Dataset and 692 from the MIMIC dataset. Evaluation of NLP tools for labeling radiograph reports & bias assessment",4357,Unclear,Other (Radiology Report Labeling),Classification,Researchers compared the labeling of chest radiograph reports of LLMs and other NLP models compared to radiologists.,Labels include 14 different diseases.,"accuracy, positive predictive value (PPV), negative predictive value (NPV), sensitivity, specificity, F1 score","Bias was evaluated by comparing the proportion of errors, accuracy, PPV, NPV, sensitivity, and specificity for each NLP tool, stratified according to demographic variable.","American indian/native american: No, Asian: No, Black: No,Hispanic or latino: No, White: No, Medicaid Insurance: No, Medicare Insurance: No, other insurance: No, Age <20: No, Age 20-40: No, Age 40-60: No, Age 60-80: Yes, Age >80: Yes, Female: No, Male: No","Yes(american indian/native american,asian,black,hispanic or latino,white)",No,"Yes(<20,20-40,40-60,60-80,>80)","Yes(female,male)","Yes(medicaid_insurance,medicare_insurance,other_insurance)",No,No,No,"ChexPert,RadReportAnnotator,cTakes,ChatGPT-4",Physician,No,No,None,None
"Identifying social determinants of health from clinical narratives: A study of performance, documentation ratio, and potential bias.",PubMed,2024,May,Journal of Biomedical Informatics,Experiment on Existing Models,UF Health Integrated Data Repository,USA,"Bio-Med, EHR",English,Couldn't Find,,"This study used clinical narratives from UF Health Integrated Data Repository (IDR). The UF Health IDR is a clinical data warehouse that aggregates data from the university’s various clinical and administrative information systems, including the Epic (Epic Systems Corporation) system.","20,000",Unclear,Other (Information Retrieval),Classification,"Compared seven transformer-based large language models (including BERT, RoBERTa, DeBERTa, Longformer, and GatorTron) for extracting SDoH concepts and linking their attributes.",Researchers developed an SDoH corpus.,"F1 score, precision, recall, extraction ratio",Differences in the aforementioned metrics,"Black: Yes, Other: Yes, White: No, Female: No, Male: No","Yes(black,other,white)",No,No,"Yes(female,male)",No,No,No,No,None,System,No,Yes,"Data,Train","The cancer SDoH corpus was used to train, validate, and test transformer-based models: BERT, RoBERTa, GatorTron, DeBERTa, Longformer"
How Can We Diagnose and Treat Bias in Large Language Models for Clinical Decision-Making?,ACL,2025,April,Proceedings of the 2025 Conference of the Nations of the Americas Chapter of the Association for Computational Linguistics: Human Language Technologies (Volume 1: Long Papers),Experiment on Existing Models,"JAMA Clinical Challenge, two dataset: JAMA_Chen2024 dataset and JAMA_CPV dataset",None,Bio-Med,English,Open Source,https://github.com/kenza-ily/diagnose_treat_bias_llm,"Each data point comprises a detailed patient description (250 words), a specific clinical question, four answer options, the correct answer index, a discussion (500-600 words) elaborating on the preferred option, and a medical speciality classification. Each data point is a challenge question with description for the LLMs.",3256,Unclear,Knowledge QA,Text Generation,Alternate dataset and evaluation techniques for debiasing.,"“We introduce a novel Counterfactual Patient Variations (CPV) dataset derived from the JAMA Clinical Challenge... By combining accuracy comparisons, statistical methods, SHAP analysis, and embedding-based measures, we provide a holistic view of bias manifestation, offering insights into performance disparities, underlying model behaviours, and latent biases in language representations.”","Accuracy, embeddings calculations","Equality of Odds, SkewSize metric, the coefficient of Variation, and bias score for gender bias are metrics described for defining bias in the paper.","Asian: No, Arab: Yes, Black: Yes, Hispanic: Yes, White: No, Female: No, Male: No","yes(asian,arab,black,hispanic,white)",No,No,"Yes(female,male)",No,No,No,No,"ChatGPT-3.5,ChatGPT-4o,GPT-4 Turbo,Haiku,Claude-3.5-Sonnet,
Gemini-3.5-Flash),LLama3-70B,Llama3.1-403B,GPT-4o-mini",System,No,Yes,"Train,Inference",We developed multiple prompting strategies to evaluate different approaches to bias mitigation... we fine-tuned models on a dataset with case descriptions and options
Unveiling Performance Challenges of Large Language Models in Low-Resource Healthcare: A Demographic Fairness Perspective,ACL,2025,January,Proceedings of the 31st International Conference on Computational Linguistics,Experiment on Existing Models,"MEDQA,MIMIC-IV",USA,Bio-Med,English,"Open Source, Couldn't Find",,"Some datasets contained data on contains transcribed interactions between a trained clinician and outpatients with schizophrenia, bipolar disorder, and healthy controls. Others contained multiple-choice medical problems collected from medical board exams",17255,Unclear,"Knowledge QA, Diagnosis, Other (predicting patient outcomes)","Text Generation, Classification",Evaluating bias in performance of Healthcare LLMs,Explicitly prompting LLMs with demographic information does not necessarily improve performance. The impact varies depending on both the specific task and the LLM used.,Demographic Parity Difference (PDP) and Equal Opportunity Difference (EOD),Demographic Parity Difference (PDP) and Equal Opportunity Difference (EOD),"African American: Yes, White: No, Female: Yes, Male: Yes","Yes(african american,white)",No,No,"Yes(female,male)",No,No,No,No,"COT-ChatGPT-4,COT-Claude-3,COT-LLaMA-3 60 56 52 66
SFT-LoRA,Agent-ChatGPT-4",System,No,Yes,Inference,"Researchers tried different prompting techniques, like Zero-Shot Chain of Thought, N-shot CoT/"
Gender-Neutral Large Language Models for Medical Applications: Reducing Bias in PubMed Abstracts,ACL,2025,August,Proceedings of the 24th Workshop on Biomedical Language Processing,"Experiment on Existing Models, Experiment on New Models","379,000 PubMed abstracts",None,Bio-Med,NA,Open Source,,Each data point is a abstract from PubMed's database of papers.,750,Unclear,Other (Bias Mitigation),Other (Output vector embeddings),Propose a novel approach to mitigate gender bias in LLMs used in medical contexts.,"In each sentence, a [MASK] token was inserted in place of a pronoun, and the model was tasked with predicting the correct pronoun when given respective options of ‘he/him/his,’ ‘she/her/hers,’ and ‘they/them/theirs.’.... Augmented datasets improved both accuracy and fairness in classification tasks.","Accuracy in identifying antecedents, accuracy in predicting pronouns",Differences in the aforementioned metrics,"Women: No, Men: No",No,No,No,"Yes(female,male)",No,No,No,No,"BERT-Base, PubMedBERT, MOBERT, 1965BERT",System,No,Yes,Data,Researchers neutered the gendered pronouns in abstracts and trained a model on the new data.
Unlocking LLMs: Addressing Scarce Data and Bias Challenges in Mental Health and Therapeutic Counselling,ACL,2024,July,International Conference on Natural Language Processing and Artificial Intelligence for Cyber Security,"Benchmark or Dataset, Experiment on Existing Models",AnnoMI,NA,EHR,English,Open Source,,an expert-annotated GDPR-compliant dataset of 133 high- and low-quality MI sessions,133,Unclear,"Treatment, Other (Motivational interviewing)",Text Generation,Researchers used an existing dataset and ChatGPT to write synthetic data with human experts in the loop to create a larger and more balanced dataset called IC-AnnoMI for mental health LLMs.,"To maintain the integrity and quality of the data, qualified expert affiliated with the gold-standard organisation in psychology and MI have performed the annotations.","Balanced Accuracy, Accuracy, Precision, Recall, F1-score, psychological quality on 5 point Likert scale,","Difference in aforementioned metrics, class imbalance","Women: No, Men: No",No,No,No,"Yes(female,male)",No,No,No,No,"ChatGPT-4.0,ChatGPT-3.5-Turbo",Physician,No,Yes,"Data,Inference",They used a prompting technique called progressive prompting. Made the data more diverse and balanced. Kept the quality high by having humans in the loop
DiversityMedQA: A Benchmark for Assessing Demographic Biases in Medical Diagnosis using Large Language Models,ACL,2024,November,Proceedings of the Third Workshop on NLP for Positive Impact,"Experiment on Existing Models, Benchmark or Dataset",MedQA,NA,Bio-Med,English,Open Source,,"MedQA is a standardized collection
of medical questions from professional medical
board exams. Each data point is a medical question. ",1107,Unclear,Knowledge QA,Text Generation,"We introduce DiversityMedQA1 , a novel benchmark designed to assess LLM responses to medical queries across diverse patient demographics, such as gender and ethnicity","Most interesting finding: “After qualitative analysis, we noticed that certain words triggered differences in how the models answered questions. Words that related to emotions and actions of distress, such as ""crying"" or ""clutching abdomen"", lead to questions being answered differently depending on gender. This behavior is especially pervasive in the GPT3.5 and Llama3-8B models, but only has a minor yet noteworthy presence in the other models. This is likely happening due to the models perpetuating stereotypical differences in how different genders experience pain.”","Accuracy, Accuracy of majority vote of 5 iterations",Statistically significant differences in accuracy between identity groups found using Z-test.,"Male: No, Female: No, African: Yes, Asian: Yes, Caucasian: Yes, Hispanic: Yes, Native American: Yes","Yes(african,asian,caucasian,hispanic,native american)",No,No,"Yes(female,male)",No,No,No,No,"GPT-3.5 Turbo, GPT-4 Turbo, GPT-4o, Gemini 1.5 Flash, and Llama3-8B",System,No,No,None,None
Can LLMs Replace Clinical Doctors? Exploring Bias in Disease Diagnosis by Large Language Models,ACL,2024,November,Findings of the Association for Computational Linguistics: EMNLP 2024,"Experiment on Existing Models, Benchmark or Dataset","336,920 authentic medical records from a hospital",NA,EHR,NA,Couldn't Find,,Each data point is a medical record from a hospital.,"336,920",Unclear,Diagnosis,Classification,LLMs Show Systematic Biases in Diagnosis.,"Types of Bias: Gender Bias: GPT-4 and Qwen favored male diagnoses; ChatGPT favored female ones. Over-reliance on gender or age in reasoning led to > 98% error rates (page 7, Figure 7). Age Bias: All models biased toward middle-aged patients, reflecting training-data imbalance.","Accuracy, ratio of the number of predicted disease samples to the number of actual samples.","Disease diagnosis bias is characterized by the disproportionate weight given to certain dimensions of disease, resulting in an unfair skew. Bias in disease diagnosis on a particular dimension as a discrepancy in the model’s inclination towards different values of that dimension.","infant: Yes, children: Yes, teenager: Yes, youth: Yes, middle-aged: No, elderly: Yes, female: Yes, male: Yes",No,No,"Yes (infant, children, teenager, youth, middle-aged, elderly)","Yes(female, male)",No,No,No,No,"GPT-4,ChatGPT, Qwen1.5-72b",System,No,Yes,Inference,"Reseachers propose a technique which they call the Integrated Debiasing Diagnosis Method, which first makes the model provide output when not given any demographic information."
PersonaTwin: A Multi-Tier Prompt Conditioning Framework for Generating and Evaluating Personalized Digital Twins,ACL,2025,July,"Proceedings of the Fourth Workshop on Generation, Evaluation and Metrics (GEM²)","Experiment on Existing Models, Benchmark or Dataset","Used a large-scale psychometric dataset of more than 8,500 respondents from a previous study: ""Constructing
a psychometric testbed for fair natural language processing.""",USA,Bio-med,English,Closed Source,,"Each data points is a combination of survey-based measures, user-generated text, and demographic information, including responses on health numeracy, medical visit anxiety, and trust in healthcare providers.","8,500",Unclear,Treatment,"Text Generation, Regression, Classification",Analyzes how LLMs introduce bias in sexual and reproductive health responses,LLMs favored young adult females and specific geographic regions,"Disparate Impact (DI) scores, DI+, DI++ to measure intersectionality, AUC, F1, MSE, Pearson’s r",Deviation from demographic parity where disparate impact equals 1.,"white: No, black or african american: No, asian: No, native american or american indian: No native hawaiian or Pacific Islander: No, multiracial or biracial: No, other: No, age: No","Yes(white,black or african american,asian,native american or american indian,
native hawaiian or Pacific Islander, multiracial or biracial, other)",No,Yes (range 18-99),"Yes(female,male)","Yes(no_college,higher education, range of income <$20,000 to >$90,000)",No,No,No,"ChatGPT-4o,Llama-3-70b",System,No,Yes,Inference,"Using different prompting techniques, researchers recorded metrics like MSE, Pearson’s R, F1, AUC, and Disparity Index for different demographic cleavages like age, race, gender, income, and education."
AraTrust: An Evaluation of Trustworthiness for LLMs in Arabic,ACL,2025,January,Proceedings of the 31st International Conference on Computational Linguistics,"Experiment on Existing Models, Benchmark or Dataset",Human-written multiple‐choice benchmark (Arabic),Arabic-speaking region,Bio-med,Arabic,Couldn't Find,,"Each data point is a written multiple-choice questions spanning truthfulness, ethics, safety, health, unfairness etc. Researchers drew from authentic, human-generated sources, like colleague exams. We also used on existing datasets and online websites, like 18 samples from Arabic Hate Speech, a toxicity detection dataset curated from Twitter, and modified them to create questions assessing LLMs’ ability to detect offensive and toxic language, and they wrote 522 data points.",522,Unknown,Knowledge QA,Text Generation,"Researchers develop AraTrust and are looking to compare Arabic-centric LLMs and propriety LLMs trained primarily on other languages like English, a comprehensive benchmark to evaluate Arabic LLMs’ trustworthiness with multiple-choice questions. They focus on the following categories of trustworthiness: truthfulness, ethics, physical health, mental health, unfairness, illegal activities, privacy, and offensive language.",They found differences in trustworthiness and performance between the large proprietary models and the Arabic specific language model.,"Accuracy for different types of questions, which includes the categories truthfulness, ethics and morality, physical health, mental health, unfairness, illegal activities, privacy, offensive language",Differences in accuracy,"Arabic: Yes, Non-arabic: No",No,"Yes(Arabic, non-Arabic)",No,No,No,No,No,No,"ChatGPT-4,GPT-3.5-Turbo,AceGPT-7B,AceGPT-13B,Jais-13B",Human,No,No,Inference,"Researchers used zero-shot, one-shot, few-shot, zero-shot CoT prompting methods to evalute the trustworthiness of the LLMs. They did some preliminary, although less formal and not recorded, and they found that Arabic prompts generate more accurate responses than English prompts."
"AfriMed-QA: A Pan-African, Multi-Specialty, Medical Question-Answering Benchmark Dataset",ACL,2025,July,Proceedings of the 63rd Annual Meeting of the Association for Computational Linguistics (Volume 1: Long Papers),"Benchmark or Dataset, Experiment on Existing Models",New data source.,Africa (16 countries),Bio-med,English,Regulated,,"New data source. Medical trainees and clinicians
were recruited to contribute questions through referrals.",15000,,"Knowledge QA, Diagnosis",Text Generation,Evaluating LLM performance and bias in African medical contexts,Biomedical LLMs underperform; significant regional and specialty variation,"Accuracy, semantic similarity using
BERTScore, non-clinician ratings, clinician ratings",Differences in the aforementioned metrics,"African: Yes, Non-African: No",No,No,No,No,No,No,No,"Yes (African, Non-African)","30 LLMs, see paper","System, Human, Physician",No,No,None,None
Can AI Relate: Testing Large Language Model Response for Mental Health Support,ACL,2024,November,Findings of the Association for Computational Linguistics: EMNLP 2024,Experiment on Existing Models,"LLM responses to user posts in mental health forums (e.g., Reddit)",USA,Bio-med,English,Open Source,,Each data point is either a post or a peer response from Reddit. Framework measuring empathy and motivational interviewing adherence; human evaluators compared LLM vs peer support responses.,82942,Unclear,Other (Text Evaluation),"Classification, Regression","Examines empathy, equity, and quality of LLM responses in mental health support",LLMs showed lower empathy (2–13%) toward Black posters; disparities in emotional alignment,"Rate of agreement with human annotator, accuracy with attribute label, human rating of emotional reactions on 3 point Likert scale, human rating of interpretations on 3 point Likert scale, human rating of explorations on 3 point Likert scale, human rating of Cultivating Change Talk on 5 point Likert scale",Statistical significant of group differences in demographic parity.,"Asian: Yes, Black: Yes, Hispanic: No, White: No, Female: No, Male: No","Yes (asian, black, hispanic, white)",No,No,"Yes (female, male)",No,No,No,No,GPT-4 and similar frontier LLMs,"Human,Physician",Yes (non-clinician participants),Yes,"Train,Inference",Shows how generation methods affect empathy; suggests ethical and safety guidelines
Evaluating Biases in Context-Dependent Sexual and Reproductive Health Questions,ACL,2024,November,Findings of the Association for Computational Linguistics: EMNLP 2024,Experiment on Existing Models,"Sexual and reproductive health QA dataset with demographic context (age, sex, location)",USA,Bio-med,English,Open Source,,Curated from Planned Parenthood and public health QA sites; tested with and without demographic context,187,Unclear,Knowledge QA,Text Generation,Analyzes how LLMs introduce bias in sexual and reproductive health responses,LLMs favored young adult females and specific geographic regions,"Cosine similarity of embedding vectors, average similarity score meaning average cosine similarity scores across all relevant questions for each attribute’s group, percent win,  human evaluation and determine which groups is the model correctly responding.",Statistically significant differences in aforementioned metrics,"Female: Yes, Male: Yes, Younger: No, Older: Yes",No,No,"Yes (10, 15, 18, 21, 25, 30, 40, 50, 60, 70)","Yes (female, male)",No,No,No,"Yes (Hawaii, Idaho, Massachusetts, South Dakota, Vermont, Wyoming)","GPT-3.5, LLaMA-2, and similar models",Human,No,No,No,None
Open (Clinical) LLMs are Sensitive to Instruction Phrasings,ACL,2024,August,Proceedings of the 23rd Workshop on Biomedical Natural Language Processing,Experimental on Existing Models,"MIMIC-III,Obesity co-morbidity,Cohort Selection,Medical Challenge,Relations Challenge,Adverse Drug Effects,Risk Assessment","United States, Nigeria, Kenya, Canada, Zambia,
Egypt, Malawi, Pakistan, Philippines, and Ethiopia.",EHR,English,"Open Source, Needs a deeper dive",,"Data comes in the form of different classification tasks and information extraction tasks from various different databases. Then, medical professionals from different countries were recruited to write prompts to instruct existing models to try and answer these questions.",4353,Unclear,"Diagnosis,  Other (Mortality Prediction)","Classification, Extraction",Testing the ability of LLMs to answer medical challenges given natural variation in the wording of prompts written by actual medical professionals from different countries.,"Since many of the tasks or challenges are classification, the study uses F1 or AUROC as a metric.","AUROC, F1 score, Performance disparity across demographic subgroups, absolute differences in AUROC",Differences in aforementioned metrics,"Non-White: Yes, White: No, Female: Yes, Male: No","Yes(non white,white)",No,No,"Yes(female,male)",No,No,No,No,"Mistral (7b),Llama-2 (13b),Llama-2 (7b),Alpaca (7b),Clin-Camel (13b),Asclepius (7b),MedAlpaca (7b)",System,No,No,No,None
ChiMed-GPT: A Chinese Medical Large Language Model with Full Training Regime and Better Alignment to Human Preferences,ACL,2024,August,Proceedings of the 62nd Annual Meeting of the Association for Computational Linguistics (Volume 1: Long Papers),Experiment on New Models,"Chinese Medical Dataset (CMD), 
Data all mentioned here on hugging face: https://huggingface.co/datasets/shibing624/medical#:~:text=%E5%8E%9F%E5%A7%8B%E6%95%B0%E6%8D%AE%E9%9B%86%EF%BC%9A-,google%20drive,-%EF%BC%8C%E5%8F%AA%E5%AF%B9%E9%95%BF
Sublinks:
Freedom Intelligence: 
https://huggingface.co/datasets/FreedomIntelligence/huatuo_encyclopedia_qa
Chinese Medical book:
https://drive.google.com/u/0/uc?export=download&confirm=t&id=1ImYUSLk9JbgHXOemfvyiDiirluZHPeQw
Chinese medical dialogue data: 
https://github.com/Toyhom/Chinese-medical-dialogue-data
English dialogue data, “Chatdoctor”:
https://github.com/Kent0n-Li/ChatDoctor
Chinese dialogue data for reward part.
https://github.com/Toyhom/Chinese-medical-dialogue-data
Other part of Chinese dialogue data:
https://github.com/SCIR-HI/Huatuo-Llama-Med-Chinese",China,Bio-Med,"Chinese, English",Open Source,,"Mostly Chinese, but around a small portion of the data is in English. The data is broken up in to pretraining, fine-tuning, and reward data.",1643587,Unclear,"Knowledge QA, Information Dissemination","Text Generation, Extraction",Developing a new CHIMED-GPT model fine-tuned on medical data and testing it based on a metric designed to measure doctors' attitudes towards patients with mental disorders and diseases.,"They also evaluated the model in its performance in answering medical questions compared to other LLMs like ChatGPT, Ziya, Baichuan, Taiyi, and MedicalGPT. They test bias using the metric of the CAMI scale, which aims to measure public attitudes towards individuals suffering from mental disorders. They also use the MICA scale evaluates doctors’ attitudes towards patients with mental diseases through 16 statements.","Accuracy, BLEU, and ROUGE, F1 score, human-rated fluency on a scale of 1 to 3,
human-rated completeness on a scale of 1 to 3, human-rated precision on a scale of 1 to 3. ",Bias defined as how much the model expresses negative or stigmatizing attitudes towards a certain identity group on a numerical scale.,"Mental Disorders: No, Mental Diseases: No",No,No,No,No,No,No,"Yes(mental_disorders,mental_diseases)",No,"ChatGPT, Ziya, Baichuan, Taiyi, and MedicalGPT. ChiMed-GPT","System, Human",No,Yes,"Data,Train","For some models, researchers perform RLHF through rejection sampling following  Llama-2, with two steps: reward model training and rejection sampling fine-tuning."
Empirical Study of Social Bias in Medical Question Answering via Large Language Models,ACL,2025,August,Artificial Intelligence in Healthcare Conference Paper,"Experiment on Existing Models, Benchmark or Dataset","College Medicine, Medical Genetics, Professional Medicine datasets from the MMLU (Massive Multitask Language Understanding) datasets.",NA,Bio-Med,English,Open Source,,This dataset consists of multichoice questions covering many different branches of knowledge. Each data point is a multiple choice question.,545,Unclear,Knowledge QA,Text Generation,"Researchers prompted different LLMs with medical questions and demographic information about race, gender, and professional experience. They asked the LLM to answer the question as if it were someone in those demographic groups. They analyzed performance disparity between the different types of prompts.","Certain types of questions resulted in differences in performance between gender or racial groups. While gender gaps were typically small, the male answers were 3% more accurate in the professional medicine questions. While the racial gaps were not too significant, the Gemma model  saw 4% higher white performance than black on college medicine questions. However, they also saw higher scores often seen for Black prompts in college medicine questions for other models.",Accuracy,"This study quantifies bias as accuracy disparity between different demographics, holding all other variables constant and comparing performance across role information. More specifically, absolute percentage difference in accuracy.","Male: No, Female: Yes, Black: Yes, White: No","Yes(black, white)",No,No,"Yes (female, male)","Professional Bias (First Year, Second Year, Preclinical, Clinical)",No,No,No,"BioMistral-7B, Mistral-7B-v0.1, LLaMA-3.2-3B-Instruct, Gemma-3",System,No,No,None,None
Exposing and Mitigating Calibration Biases and Demographic Unfairness in MLLM Few-Shot In-Context Learning for Medical Image Classification,ACL,2025,September,Medical Image Computing and Computer Assisted Intervention – MICCAI 2025,"Experiment on Existing Models, Benchmark or Dataset","Researchers experimented on three medical imaging datasets: PAPILA for fundus image classification, HAM10000 for skin cancer classification, and MIMIC-CXR for chest X-ray classification.",NA,Bio-Med,NA,"Open Source, Regulated",,"364 were chosen from PAPILA, 1062 from HAM10000 and 1062 from MIMIC-CXR.",2488,,Diagnosis,Classification,"We introduce CALIN, an inference-time calibration method designed to mitigate the associated biases by estimating the amount of calibration needed.","We consider 5 different metrics in the experiments. (i) classification accuracy, (ii) expected calibration error for quantifying the reliability of predicted confidence, (iii) mean equalized odd ratio between sex and age (EOR) for fairness evaluation, (iv) confidence calibration error gap (CCEG) for calibration fairness evaluation, and (v) equity-scaling measure of calibration error (ESCE) for accessing the overall calibration performance adjusted by subgroups’ performance.","Expected Calibration Error (ECE), Confidence Calibration Error Gap (CCEG), Equalized Odds Ratio (EOR), Equity-Scaled Calibration Error (ESCE), accuracy,","Differences in aforementioned metrics, like Confidence Calibration Error Gap","Younger: Yes, Older: Yes, Male: No, Female: No",No,No,"Yes (younger, older)","Yes(female, male)",No,No,No,No,GPT-4o-mini,System,No,Yes,Inference,"CALIN operates through a bi-level calibration procedure, effectively mitigating unfairness. Experimental results on three medical imaging datasets demonstrate that CALIN not only enhances fairness but also improves overall predictive performance and exhibits minimum fairnessutility trade-off."
Elucidating Mechanisms of Demographic Bias in LLMs for Healthcare,DBLP,2025,November,Findings of the Association for Computational Linguistics: EMNLP 2025,Experiment on Existing Models,NA,NA,Generated,English,Regulated,,"Each data point is a single prompt paired with a clinical condition, run through an LLM 100 times to generate clinical vignettes yielding 1,000 vignettes per condition. For the depression risk task, each data point is one of 1,000 brief hospital courses from MIMIC-IV-Note, each passed through the model under four different prompt phrasings with and without activation patching to implicitly assign demographics. For the differential diagnosis task, researchers used a single NEJM Healer case and sampled 500 differential lists, comparing the rank of the correct diagnosis across demographic groups.",NA,10,Other (vignette generation),Text Generation,Researchers apply methods in mechanistic interpretability to healthcare LLMs.,They used activation patching and showed that they were able to affect the frequency at which patient vignettes of certain genders or races were generated.,"Representation of identities for certain diseases, Rank distribution of the correct diagnosis
for explicit and implicit gender assignment",Overrepresentation or underrepresentation of races for certain diseases,"Black: Yes, Asian: Yes, White: No, Hispanic: No, Female: Yes, Male: No,","Yes(Asian,Black,Hispanic,White)",No,No,"Yes(female,male)",No,No,No,No,"OLMo-7B-Instruct, Llama-3.1-8B-Instruct, Gemma-2-9B-it, and OLMo-2-0325-32B-Instruct",System,No,Yes,Training,Researchers applied activation patching at different layers and looked for differences in LLM-generated patient vignettes.
Navigating the Rabbit Hole: Emergent Biases in LLM-Generated Attack Narratives Targeting Mental Health Groups,DBLP,2025,April,COLM 2025 Conference,Experiment on Existing Models,RabbitHole Dataset,NA,Generated,English,Regulated,,"Each data point is a single toxic generation from Mistral 7B one step in a 15,401-chain corpus of 190,599 total outputs, drawn from the TRH dataset. For each generation, Llama 3.2 3B annotates victim entities (identity groups targeted in the text) and toxicity labels. Those victim entities become nodes in a directed network where edges connect entities appearing in successive generations within the same chain. For the stigmatization analysis, the unit shifts slightly: each data point is a (generation, victim entity) pair, labeled with which of four stigmatization components are present, compared across two positions in the chain the chain's entry point and the first generation containing a mental health entity.",190599,Unclear,Other (mental health),Text Generation,"Investigating stigmas against mental health in LLMs by seeing how close mental health is to negative concepts in network analysis and community detection. Researchers also test if mental health gets brought up in negative scenarios, even when unprompted.","Researchers conduct a centrality analysis of the RabbitHole network that aims to ""capture entity transitions across generative chains"". They use the Leiden algorithm to analyze this network, and they use a generative chain of prompts to make text more toxic.","Centrality Measure using PageRank, Betweenness, Weighted and Unweighted Degree, Closeness,","Overrepresented in the toxic output space, they are also more central, more interconnected, and more frequently revisited than other groups, with more stigmatizing framings in language where generative toxicity converges and deepens. This is all compared with the entities in the set not related to mental health.",People with mental health issues: Yes,No,No,No,No,No,No,Yes(people with mental illnesses),No,Mistral-7B,System,No,No,None,None
Disaggregated Health Data in LLMs: Evaluating Data Equity in the Context of Asian American Representation,DBLP,2025,October,"Vol. 8 No. 1 (2025): Proceedings of the Eighth AAAI/ACM Conference on AI, Ethics, and Society (AIES-25) - Main Track I",Experiment on Existing Models,None,United States,Generated,English,Open Source,,Each data point is an LLM response to the prompt “Generate important health issues that I should be concerned about as a [demographic group]. Be faithful to all the provided demographic features I did not specify.” Researchers prompted GPT-3.5 model to return important health issues that one of a certain background should be concerned with.,"21,000",Unclear,"Other (Information Retrieval, Information Dissemination)",Text Generation,Researchers apply statistical and machine learning tools to assess whether LLMs deliver appropriately disaggregated and equitable information within the larger category of Asian Americans.,"Researchers compute Kendall-Tau Rank Correlation Coefficient and the Kendall-Tau Rank Distance within their embedding space, constructed by BERTopic API.","Number of conditions for each group, number of unique for each group, number of overlap with overall Asian group, health groups associated with each group, proximity to word ""Asian"" in topic modeling hierarchical clustering,","proximity to word ""Asian"" in topic modeling hierarchical clustering,",NA,No,No,No,No,No,No,No,"Yes(Bangladeshi, Bhutanese, Burmese, Cambodian, Chinese, Filipino, Hmong, Indian, Indonesian, Japanese, Korean, Laotian, Malaysian, Mongolian, Nepalese, Okinawan, Pakistani, Sri Lankan, Taiwanese, Thai, Vietnamese)",GPT-3.5,"System,Model",No,No,None,None
Building Trust in Clinical LLMs: Bias Analysis and Dataset Transparency,DBLP,2025,November,Proceedings of the 2025 Conference on Empirical Methods in Natural Language Processing,"Experiment on Existing Models, Benchmark / Dataset","Semantic Scholar Open Research Corpus (S2ORC) API, PubMed Central FTP service, OpenAlex database",NA,Bio-Med,NA,Regulated,https://huggingface.co/datasets/m42-health/HC4,"Each data point, or what the paper calls data sample, can come in the form of an abstract, paper, or wiki-page. They made sure to apply deduplication.","35,684,244",NA,"Diagnosis, Treatment","Text Generation, Classification","Researchers developed HC4: Healthcare Comprehensive Commons Corpus, a curated pretraining dataset of more than 89 billion tokens.",Researchers used the BOLD dataset and bias evaluation framework. They used Wikipedia scraped text samples along with demographic variables of race and gender as input and classified sentiment for the LLM output. They also measured things like Net Presription Bias.,"Net bias prescription score of non-opiods, net bias prescription score of opiods, sentiment classification into positive or neutral or
negative ","Overprescription or underprescription of drugs,","Male: Yes, Female: Yes, Child: Yes, Young Adult: Yes, Middle Adult: Yes, Elderly: Yes, American Indian or Alaska Native: Yes, Middle Eastern or North African: Yes, Asian: Yes, Black: Yes, White: Yes","Yes(african american,asian american,european american,hispanic or latino americans)",No,"Yes(Child, Young Adult, Middle Adult, Elderly)","Yes(female,male)",No,No,No,No,"ChatGPT-2, LLaMA-3.2, Mistral",System,No,Yes,Data,Researchers compared bias evaluations of LLMs trained on the study's original dataset with the corresponding bias evaluations of other datasets like SlimPajama and FineWeb.
Unmasking and Quantifying Racial Bias of Large Language Models in Medical Report Generation,DBLP,2024,September,Nature Communications Medicine,Experiment on Existing Models,"Researchers use PMC-Patients, a large collection of 167,000 patient summaries extracted from case reports in in PubMed Central, as the source to generate synthetic patient profiles. Note that they did not include the original data in their experimentation, as they used AI to remove demographic data and pre treatment data.",NA,EHR,English,Yes,"https://figshare.com/collections/PMC-Patients/6723465, https://huggingface.co/zhengyun21","Each data point is a patient summary from case reports in in PubMed Central with the pre-treatment details and demographic details removed. Instead, one of four hypothetical race labels were added. Originally, researchers extracted a large collection of 167,000 patient summaries extracted from case reports in in PubMed Central, but they narrowed it down heavily.",1600,"36,800","Diagnosis, Treatment, Other (information summarization)",Text Generation,Quantitative analysis of racial bias in medical report generation,"There was a focus on racial bias measurement, using pair-wise win rate to compare two racial groups at once. Notably, the model favored white patients with superior and immediate treatments,  longer hospitalization stays, and better recovery outcomes, which is also reflected in the higher projected cost.","Presence of hallucinations, physical examination results, pathological test results, treatment plan, expected cost without insurance, patient description, case history, expected outcome of the treatment plan, actual outcome, hospitalized days, survival rate","Presence of hallucinations for certain identity groups, differences in the aforementioned qualities, pairwise win rates","White: Yes, Black: Yes, Asian: Yes, Hispanic: Yes","Yes (White, Asian, Black, Hispanic)",No,No,No,No,No,No,No,"GPT-3.5-turbo, GPT-4",System,No,No,None,None
Uncovering Judgment Biases in Emergency Triage: A Public Health Approach Based on Large Language Models,DBLP,Unsure,Unsure,"Proceedings of the 4th Machine Learning for Health Symposium, PMLR 259, pages 420-439, 2025",Experiment on Existing Models,"Researchers collected reports from approximately 480,000 entries to the Adult ED of the Bordeaux University Hospital.",NA,EHR,French,Yes,https://data.mendeley.com/datasets/zz8j36y24f/1,"Each data point is a report containing the exact moment of the admission, the sex of the patient, the chief complaint, history of present illness, past medical history, an array of vital signs (heart rate, respiratory rate, blood pressure, among others), and the associated triage score.",NA,NA,Triage,"Regression, Classification",Judgment bias in emergency triage decision-making by LLMs,"Researchers used typical data science accuracy measures for classification tasks like accuracy score, F1, recall, and precision.","Predicted traige score, precision, recall, F1",Differences between predicted triage score and actual triage score from a nurse.,"Female: Yes, Male: No",No,No,No,"Yes (female, male)",No,No,No,No,"Mistral-7B-2, BioMistral-7B-Labrak, Mixtral-8x7B-3, Llama-3-8B",System,Yes,No,None,None
ChatGPT for Mental Health Applications: A study on biases.,DBLP,2024,May,AIMLSystems '23: Proceedings of the Third International Conference on AI-ML Systems,Experiment on Existing Models,"Reddit based datasets: CLPsych 2019, Dreaddit, Suicide Risk Dataset",NA,Other (reddit),English,Open Source,,Mental health scenarios and counseling prompts,1560247,Unclear,Diagnosis,Classification,Researchers study biases in mental health applications of ChatGPT,They want to focus on suicide prevention and understand which groups are more protected or at risk when interacting with ChatGPT3.5 Turbo.,"Accuracy, F1 score",Differences in accuracy and F1 score in comparison to control group,"Male: Yes, Female: No, Transgender: Yes, Gender Nonconforming: Yes, Age 18 to 30: No, Age 31 to 50, No, Age 51+: Yes,",No,No,"Yes(18-30, 31-50, 51+)","Yes(female,male,transgender,non_conforming)",No,"Yes (Transgender, gender nonconforming)",No,No,GPT3.5-turbo,Model,No,No,None,None
Africa Health Check: Probing Cultural Bias in Medical LLMs,ACL,2025,November,Proceedings of the 2025 Conference on Empirical Methods in Natural Language Processing,"Experiment on Existing Models, Benchmark / Dataset","PubMed Corpus, then reviewed by researchers.",,Bio-Med,English,Open Source,https://github.com/princenimo/africa-health-check,"The multiple choice questions that they ultimately generated fell into three variants: No-context questions simply ask for the most appropriate answer without providing patient details, location, or cultural information. Full-Context questions do provide this information. Misleading-Context questions are similar to Full-Context questions, but they contain deceptive cultural cues.",NA,Unclear,Knowledge QA,"Text Generation, Other (MCQ Answering)","Researchers study how culturally adapted LLMs are in considering traditional medicine, in particular traditional African herbal medicine. Medical LLMs are normally biased to allopathic, or Western, treatment options.","The unique contribution of this paper is the Cultural Bias Attribution metric, which quantifies how input prompts drive culturally biased responses. They also create their own dataset through a systematic review of PubMed and they prompt PubMed with this. They use ChatGPT-4o as part of the MCQ generation pipeline.","Cultural bias score, cultural bias attribution, traditional medicine accuracy, allopathic medicine accuracy",Differences in cultural bias score and cultural bias attribution,"African: Yes (some models showed inherent preferences for Western, or allopathic, medicine over traditional African medicine), Western: No",No,No,No,No,No,No,No,"Yes (African, Western)","BioMistral-7B, OpenBioLLM-8B, OpenBioLLM-70B, UltraMedicalLLM-8B, UltraMedicalLLM-70B",System,No,Yes,Inference,"Different inference methods, like Zero-Shot, Few-Shot, and Instruction-Tuning were compared along the metrics of cultural bias attribution and cultural bias score."
Towards conversational assistants for health applications: using ChatGPT to generate conversations about heart failure,ACL,2025,August,Proceedings of the 26th Annual Meeting of the Special Interest Group on Discourse and Dialogue,Experiment on Existing Models,Generated,United States,Generated,English,Open Source,https://github.com/anujatayal/HF-Dataset/tree/main,"The data is separated into several folders, aave, domain, reason-prompt, reasoning, and sdoh. Within these folders are files containing conversations between patients and healthcare specialists. Each data point is a simulated conversation between a patient and a healthcare professional.",NA,648,Other (Patient conversation generation),Text Generation,Researchers test the ability of prominent commercial LLMs to generate patient-health educator dialogues while incorporating African American Vernacular English and also Social Determinants of Health.,"They concluded that despite the different prompting methods improving output quality, ""ChatGPT still lacks the empathy and engagement"" necessary for effective communication in healthcare. They also included human reviewers, who rated randomly selected generated conversations. The reviewers read 3 conversations for each prompting method and completed a Likert scale style questionnaire. They also used metrics like round adherence rate, follow-up rate, ratio of words, and format adherence rate.","Human reviewers rated appropriateness on 5-point Likert scale, human reviewers rated pereived empathy on 5-point Likert scale, human reviewers rated tailorization according to SDOH on 5-point Likert scale, round adherence ratio: ratio of how often the generated conversation matched the number of conversational rounds in the prompt instructions, format adherence ratio: ratio of how often the generated conversation format matched the format described in the prompt instructions, follow-up ratio: the number of
follow-up questions asked by the PE to that by the patient",Differences in the aforementioned metrics,"AAVE: No, standard English: No, Young: No, Mid-age: No, Old: No, Female: No, Male: No, Unsafe Neighborhoods: Yes (Researchers found instances where models lacked empathy in their response towards unsafe neighborhoods.), Safe Neighborhoods: No, below poverty socio-economic conditions: No, well to do socio-economic conditions: No",No,"Yes(AAVE, standard English)","Yes(young, mid-age, old)","Yes (female, male)","Neighborhood bias (Safe, Unsafe), Socio-economic conditions (below poverty
line, well to do)",No,No,No,"ChatGPT-3.5-turbo, ChatGPT-4","Human, System",Yes,Yes,Inference,"Researchers used prompting methods described as: aspects, African American Vernacular English, Social Determinants of Health (SDOH), and SDOH-informed reasoning."
EMPEC: A Comprehensive Benchmark for Evaluating Large Language Models Across Diverse Healthcare Professions,ACL,2025,July,Findings of the Association for Computational Linguistics: ACL 2025,"Experiment on Existing Models, Benchmark / Dataset",Past exams for healthcare professionals in the Professional and Technical Examinations of Taiwan and Republic of China. Can see more here: https://wwwq.moex.gov.tw/exam/wFrmExamQandASearch.aspx,"Taiwan, Republic of China",Bio-Med,"Traditional Chinese, Simplified Chinese, English",Open Source,"https://wwwq.moex.gov.tw/exam/wFrmExamQandASearch.aspx,","Each data point is a multiple choice question from ""officially published past exams for healthcare professionals in the Professional and Technical Examinations of Taiwan, Republic of China"". These questions were written to assess medical knowledge and clinical skills for a diverse array of healthcare professions. Note that they used ChatGPT and other software to translate the dataset into other languages.",157803,Unclear,Knowledge QA,Classification,"Researchers introduce a new dataset called Examinations of Medical PErsonnel in Chinese (EMPEC), which they use to evaluate the knowledge and performance of LLMs across underrepresented healthcare professions like Optometrists and Audiologists.","ChatGPT-4 had the highest performance in 19 out of the 20 medical professions tested, but Qwen1.5-70B-Chat achieves highest accuracy in the Traditional Chinese Medicine Practitioner domain. Models trained in English benefit from an English translation. Despite using different tokens, Traditional and Simplified Chinese have similar performance, improving the accuracy of some models while decreasing for others.",Accuracy,Differences in accuracy,"English: No, Simplified Chinese: No, Traditional Chinese: No",No,"Yes(English,Traditional Chinese, Simplified Chinese)",No,No,No,No,No,No,"ChatGPT4,ChatGPT3.5,Qwen1.5-70B-Chat,Qwen1.5-7B-Chat,Qwen1.5-7B-SFT,Llama3-I-70B,Llama3-I-8B,Yi-Chat-34B,Yi-Chat-6B,HuatuoGPT2-34B,HuatuoGPT2-13B,Bch-Chat-13B,Mistral-I-7B,InternLM2-7B,MMedLM2-7B,MedGPT-7B,Ziya-7B,BioMistral-7B",System,No,No,None,None
Polish-English medical knowledge transfer: A new benchmark and results,ACL,2025,November,Findings of the Association for Computational Linguistics: EMNLP 2025,"Experiment on Existing Models, Benchmark / Dataset","Researches scrape past exams given to Polish physicians and dentists from 2008 to 2024, categorized by specialization. This includes the  LEK (Lekarski Egzamin Koncowy, Medical ´
Final Examination), LDEK (Lekarsko-Dentystyczny Egzamin
Koncowy, Dental Final Examination), and the PES (Panstwowy Egzamin Specjalizacyjny, National Specialization Examination). Both the LEK and LDEK were translated into English.",Poland,Bio-Med,"Polish, English",Open Source,"https://cem.edu.pl/english_m.php, https://nil.org.pl/","Each data point is a multiple choice question from one of the exams described in the data source field: LEK, LDEK, PES.",22604,Unclear,Knowledge QA,Classification,"Researchers tested the ability of LLMs to answer medical examination questions from various Polish exams. Many questions were translated into English as well, and the results between different models, types of questions, and language of questions.",Results were assessed in terms of accuracy on the exam questions. The study comapred percentages of correct answers across different exams and languages. Model performance was also compared to average human performance. Note that English translations of the original material in Polish was provided by human experts. A key takeaway from the study's observations is that language transfer could be more effective as general model performance scales up.,"Accuracy, binary variable for passing score or not",Differences in the aforementioned metrics,"English: No, Polish: Yes",No,"Yes(English,Polish)",No,No,No,No,No,No,"BioMistral-7B,Meditron-3-8B,Meditron-3-70B,JSL-MedLlama-3-8B-v2.0, Qwen2.5-Instruct-7B and Qwen2.5-Instruct-72B,Llama-3.1-Instruct-8B,Llama-3.1-Instruct-70B,Llama-3.2-3B Instruct,mistralai/Mistral-Small-Instruct-2409,Mistral-Large-Instruct-2407,Bielik-11B-v2.2-Instruct,GPT-4o-mini,GPT-4-o","System, Human",No,No,None,None
Evaluating Large Language Models on Health-Related Claims Across Arabic Dialects,ACL,2025,January,Proceedings of the 1st Workshop on NLP for Languages Using Arabic Script,"Experiment on Existing Models, Benchmark / Dataset","Researchers used the AraFacts dataset, which contains natural claims which have been fact-checked.",Unclear,Bio-Med,Arabic,Open Source,https://gitlab.com/bigirqu/AraFacts,"Each data point is a question create through a question generation pipeline, where natural claims fact-checked by a fact-checked website like Fatabyyano or Misbar are feed into ChatGPT and created into question-answer pairs in different dialects of Arabic.",6520,Unclear,Knowledge QA,"Classification, Text Generation","Researchers measure how LLMs react to health claims written in different Arabic dialects. They want to see how well subtle cultural and linguistic details are accounted for, and how models can be accurate and culturally sensitive in their response.","Researchers also used a metric called the cultural sensitivity analyzer, which measured how well models adapted their responses to different dialects.","Factual Accuracy, agreement distribution, cultural sensitivity score, consistency valuation, eeasoning analysis (the depth and quality of the model’s reasoning in making a decision)",Differences in the aforementioned metrics,"Lebanese: Yes, Saudi Arabic: No, Egyptian: No, Morrocan: No","Polish: Yes (lower accuracy and weaker knowledge transfer), English: No","Yes(Saudi Arabic, Egyptian Arabic, Lebanese Arabic, Moroccan Arabic)",No,No,No,No,No,"Yes(Saudi Arabia, Egypt, Lebanon, Morocco)",ChatGPT-4,System,No,No,None,None
Towards Algorithmic Fidelity: Mental Health Representation across Demographics in Synthetic vs. Human-generated Data,ACL,2024,May,"Proceedings of the 2024 Joint International Conference on Computational Linguistics, Language Resources and Evaluation (LREC-COLING 2024)","Benchmark / Dataset, Experiment on Existing Models",Generated,Unclear,Generated,Engllish,Closed Source,Couldn't Find,"Another study, called asked patients to describe the largest source of stress in their life and how they dealt with that stress. They used this human generated data, and then they augmented the data set with ChatGPT-3.",3120,Unclear,Other (Synthetic Data Generation),Text Generation,Researchers prompt LLMs to provide significant significant stressors in people's lives depending on their demographic identities. They then conduct pairwise analysis of how often certain issues are associated with certain demographic groups.,"They found that existing stereotypes were reinforced. Women were often stressed about health, news and social media, news and politics, family, and relationships. Men were more concerned about finances and unemployment, racism, and police brutality. Along racial lines, African Americans more associated with bio, health, body, percept, racism, and police brutality. Asians more associated with perfectionism, comparing to others, work, school, and reward. Hispanics more concerned with immigration, family, social interactions, etc. Whites more associated with general stress, news and social media, relationships, and uncertainty.",Structural topic model analysis generates vectors encoded with racial and gendered information,Cosine similarity between the vectors,"Hispanic: Yes, Asian: Yes, Black: Yes, White: No, Women: Yes, Men: Yes","Yes(African_American,Asian,Hispanic,White)",No,No,"Yes(female,male)",No,No,No,No,ChatGPT-3,System,No,No,None,None
"What Goes In, Must Come Out: Generative Artificial Intelligence Does Not Present Algorithmic Bias Across Race and Gender in Medical Residency Specialties",PubMed,2024,February,Cureus,Experiment on Existing Models,American Academy of Medical Colleges (AAMC) list of medical professions.,NA,Bio-Med,English,Open Source,NA,Researchers found a list of medical professions from the AAMC website and selected 19.,19,228,Other (Representation of medical professionals),Image Generation,Researchers study representation of medical professionals across diverse specialties in the image generating model DALL-E2.,They found that OpenAI's DALL-E2's predictions generally aligned with the current demographic landscape of medical residents. This suggests that the output was mirroring the training data rather than projecting algorithmic bias into the output.,"Generated images labeled with race, generated images labeled with a gender",Statistically significant differences in racial distribution in labeled images separated by profession and racial distribution of residents as reported by the American Academy of Medical Colleges in 2021-2022 separated by profession,"Male: No, Female: No, Asian: No, Black: No, Hispanic: No, White: No","Yes(Asian, Black or African American, Hispanic or Latino or of Spanish origin, white)",No,No,"Yes(female,male)",No,No,No,No,DALL-E2,"Human, System",No,No,None,None